{
    "Meta Data": {
        "1. Information": "Daily Prices (open, high, low, close) and Volumes",
        "2. Symbol": "AAPL",
        "3. Last Refreshed": "2019-10-28",
        "4. Output Size": "Compact",
        "5. Time Zone": "US/Eastern"
    },
    "Time Series (Daily)": {
        "2019-10-28": {
            "1. open": "247.4200",
            "2. high": "249.2300",
            "3. low": "246.7200",
            "4. close": "249.0500",
            "5. volume": "23102268"
        },
        "2019-10-25": {
            "1. open": "243.1600",
            "2. high": "246.7300",
            "3. low": "242.8800",
            "4. close": "246.5800",
            "5. volume": "18330500"
        },
        "2019-10-24": {
            "1. open": "244.5100",
            "2. high": "244.8000",
            "3. low": "241.8100",
            "4. close": "243.5800",
            "5. volume": "17318800"
        },
        "2019-10-23": {
            "1. open": "242.1000",
            "2. high": "243.2400",
            "3. low": "241.2200",
            "4. close": "243.1800",
            "5. volume": "18957200"
        },
        "2019-10-22": {
            "1. open": "241.1600",
            "2. high": "242.2000",
            "3. low": "239.6200",
            "4. close": "239.9600",
            "5. volume": "20573400"
        },
        "2019-10-21": {
            "1. open": "237.5200",
            "2. high": "240.9900",
            "3. low": "237.3200",
            "4. close": "240.5100",
            "5. volume": "21811800"
        },
        "2019-10-18": {
            "1. open": "234.5900",
            "2. high": "237.5800",
            "3. low": "234.2900",
            "4. close": "236.4100",
            "5. volume": "24358400"
        },
        "2019-10-17": {
            "1. open": "235.0900",
            "2. high": "236.1500",
            "3. low": "233.5200",
            "4. close": "235.2800",
            "5. volume": "16896300"
        },
        "2019-10-16": {
            "1. open": "233.3700",
            "2. high": "235.2400",
            "3. low": "233.2000",
            "4. close": "234.3700",
            "5. volume": "18475800"
        },
        "2019-10-15": {
            "1. open": "236.3900",
            "2. high": "237.6500",
            "3. low": "234.8800",
            "4. close": "235.3200",
            "5. volume": "21840000"
        },
        "2019-10-14": {
            "1. open": "234.9000",
            "2. high": "238.1300",
            "3. low": "234.6700",
            "4. close": "235.8700",
            "5. volume": "24106900"
        },
        "2019-10-11": {
            "1. open": "232.9500",
            "2. high": "237.6400",
            "3. low": "232.3100",
            "4. close": "236.2100",
            "5. volume": "41698900"
        },
        "2019-10-10": {
            "1. open": "227.9300",
            "2. high": "230.4400",
            "3. low": "227.3000",
            "4. close": "230.0900",
            "5. volume": "28253400"
        },
        "2019-10-09": {
            "1. open": "227.0300",
            "2. high": "227.7900",
            "3. low": "225.6400",
            "4. close": "227.0300",
            "5. volume": "18692600"
        },
        "2019-10-08": {
            "1. open": "225.8200",
            "2. high": "228.0600",
            "3. low": "224.3300",
            "4. close": "224.4000",
            "5. volume": "27955000"
        },
        "2019-10-07": {
            "1. open": "226.2700",
            "2. high": "229.9300",
            "3. low": "225.8400",
            "4. close": "227.0600",
            "5. volume": "30576500"
        },
        "2019-10-04": {
            "1. open": "225.6400",
            "2. high": "227.4900",
            "3. low": "223.8900",
            "4. close": "227.0100",
            "5. volume": "34619700"
        },
        "2019-10-03": {
            "1. open": "218.4300",
            "2. high": "220.9600",
            "3. low": "215.1300",
            "4. close": "220.8200",
            "5. volume": "28606500"
        },
        "2019-10-02": {
            "1. open": "223.0600",
            "2. high": "223.5800",
            "3. low": "217.9300",
            "4. close": "218.9600",
            "5. volume": "34612300"
        },
        "2019-10-01": {
            "1. open": "225.0700",
            "2. high": "228.2200",
            "3. low": "224.2000",
            "4. close": "224.5900",
            "5. volume": "34805800"
        },
        "2019-09-30": {
            "1. open": "220.9000",
            "2. high": "224.5800",
            "3. low": "220.7900",
            "4. close": "223.9700",
            "5. volume": "25977400"
        },
        "2019-09-27": {
            "1. open": "220.5400",
            "2. high": "220.9600",
            "3. low": "217.2800",
            "4. close": "218.8200",
            "5. volume": "25352000"
        },
        "2019-09-26": {
            "1. open": "220.0000",
            "2. high": "220.9400",
            "3. low": "218.8300",
            "4. close": "219.8900",
            "5. volume": "18833500"
        },
        "2019-09-25": {
            "1. open": "218.5500",
            "2. high": "221.5000",
            "3. low": "217.1400",
            "4. close": "221.0300",
            "5. volume": "21903400"
        },
        "2019-09-24": {
            "1. open": "221.0300",
            "2. high": "222.4900",
            "3. low": "217.1900",
            "4. close": "217.6800",
            "5. volume": "31190800"
        },
        "2019-09-23": {
            "1. open": "218.9500",
            "2. high": "219.8400",
            "3. low": "217.6500",
            "4. close": "218.7200",
            "5. volume": "19165500"
        },
        "2019-09-20": {
            "1. open": "221.3800",
            "2. high": "222.5600",
            "3. low": "217.4700",
            "4. close": "217.7300",
            "5. volume": "55413100"
        },
        "2019-09-19": {
            "1. open": "222.0100",
            "2. high": "223.7600",
            "3. low": "220.3700",
            "4. close": "220.9600",
            "5. volume": "22060600"
        },
        "2019-09-18": {
            "1. open": "221.0600",
            "2. high": "222.8500",
            "3. low": "219.4400",
            "4. close": "222.7700",
            "5. volume": "25340000"
        },
        "2019-09-17": {
            "1. open": "219.9600",
            "2. high": "220.8200",
            "3. low": "219.1200",
            "4. close": "220.7000",
            "5. volume": "18318700"
        },
        "2019-09-16": {
            "1. open": "217.7300",
            "2. high": "220.1300",
            "3. low": "217.5600",
            "4. close": "219.9000",
            "5. volume": "21158100"
        },
        "2019-09-13": {
            "1. open": "220.0000",
            "2. high": "220.7900",
            "3. low": "217.0200",
            "4. close": "218.7500",
            "5. volume": "39763300"
        },
        "2019-09-12": {
            "1. open": "224.8000",
            "2. high": "226.4200",
            "3. low": "222.8600",
            "4. close": "223.0900",
            "5. volume": "32226700"
        },
        "2019-09-11": {
            "1. open": "218.0700",
            "2. high": "223.7100",
            "3. low": "217.7300",
            "4. close": "223.5900",
            "5. volume": "44289600"
        },
        "2019-09-10": {
            "1. open": "213.8600",
            "2. high": "216.7800",
            "3. low": "211.7100",
            "4. close": "216.7000",
            "5. volume": "31777900"
        },
        "2019-09-09": {
            "1. open": "214.8400",
            "2. high": "216.4400",
            "3. low": "211.0700",
            "4. close": "214.1700",
            "5. volume": "27309400"
        },
        "2019-09-06": {
            "1. open": "214.0500",
            "2. high": "214.4200",
            "3. low": "212.5100",
            "4. close": "213.2600",
            "5. volume": "19362300"
        },
        "2019-09-05": {
            "1. open": "212.0000",
            "2. high": "213.9700",
            "3. low": "211.5100",
            "4. close": "213.2800",
            "5. volume": "23913700"
        },
        "2019-09-04": {
            "1. open": "208.3900",
            "2. high": "209.4800",
            "3. low": "207.3200",
            "4. close": "209.1900",
            "5. volume": "19188100"
        },
        "2019-09-03": {
            "1. open": "206.4300",
            "2. high": "206.9800",
            "3. low": "204.2200",
            "4. close": "205.7000",
            "5. volume": "20023000"
        },
        "2019-08-30": {
            "1. open": "210.1600",
            "2. high": "210.4500",
            "3. low": "207.2000",
            "4. close": "208.7400",
            "5. volume": "21143400"
        },
        "2019-08-29": {
            "1. open": "208.5000",
            "2. high": "209.3200",
            "3. low": "206.6600",
            "4. close": "209.0100",
            "5. volume": "20990500"
        },
        "2019-08-28": {
            "1. open": "204.1000",
            "2. high": "205.7200",
            "3. low": "203.3200",
            "4. close": "205.5300",
            "5. volume": "15938800"
        },
        "2019-08-27": {
            "1. open": "207.8600",
            "2. high": "208.5500",
            "3. low": "203.5300",
            "4. close": "204.1600",
            "5. volume": "25873300"
        },
        "2019-08-26": {
            "1. open": "205.8600",
            "2. high": "207.1900",
            "3. low": "205.0600",
            "4. close": "206.4900",
            "5. volume": "26043600"
        },
        "2019-08-23": {
            "1. open": "209.4300",
            "2. high": "212.0500",
            "3. low": "201.0000",
            "4. close": "202.6400",
            "5. volume": "46818000"
        },
        "2019-08-22": {
            "1. open": "213.1900",
            "2. high": "214.4400",
            "3. low": "210.7500",
            "4. close": "212.4600",
            "5. volume": "22253700"
        },
        "2019-08-21": {
            "1. open": "212.9900",
            "2. high": "213.6500",
            "3. low": "211.6000",
            "4. close": "212.6400",
            "5. volume": "21535400"
        },
        "2019-08-20": {
            "1. open": "210.8800",
            "2. high": "213.3500",
            "3. low": "210.3200",
            "4. close": "210.3600",
            "5. volume": "26884300"
        },
        "2019-08-19": {
            "1. open": "210.6200",
            "2. high": "212.7300",
            "3. low": "210.0300",
            "4. close": "210.3500",
            "5. volume": "24413600"
        },
        "2019-08-16": {
            "1. open": "204.2800",
            "2. high": "207.1600",
            "3. low": "203.8400",
            "4. close": "206.5000",
            "5. volume": "27620400"
        },
        "2019-08-15": {
            "1. open": "203.4600",
            "2. high": "205.1400",
            "3. low": "199.6700",
            "4. close": "201.7400",
            "5. volume": "27227400"
        },
        "2019-08-14": {
            "1. open": "203.1600",
            "2. high": "206.4400",
            "3. low": "202.5900",
            "4. close": "202.7500",
            "5. volume": "36547400"
        },
        "2019-08-13": {
            "1. open": "201.0200",
            "2. high": "212.1400",
            "3. low": "200.8300",
            "4. close": "208.9700",
            "5. volume": "47218500"
        },
        "2019-08-12": {
            "1. open": "199.6200",
            "2. high": "202.0520",
            "3. low": "199.1500",
            "4. close": "200.4800",
            "5. volume": "22481900"
        },
        "2019-08-09": {
            "1. open": "201.3000",
            "2. high": "202.7600",
            "3. low": "199.2900",
            "4. close": "200.9900",
            "5. volume": "24619700"
        },
        "2019-08-08": {
            "1. open": "200.2000",
            "2. high": "203.5300",
            "3. low": "199.3900",
            "4. close": "203.4300",
            "5. volume": "27009500"
        },
        "2019-08-07": {
            "1. open": "195.4100",
            "2. high": "199.5600",
            "3. low": "193.8200",
            "4. close": "199.0400",
            "5. volume": "33364400"
        },
        "2019-08-06": {
            "1. open": "196.3100",
            "2. high": "198.0700",
            "3. low": "194.0400",
            "4. close": "197.0000",
            "5. volume": "35824800"
        },
        "2019-08-05": {
            "1. open": "197.9900",
            "2. high": "198.6500",
            "3. low": "192.5800",
            "4. close": "193.3400",
            "5. volume": "52393000"
        },
        "2019-08-02": {
            "1. open": "205.5300",
            "2. high": "206.4300",
            "3. low": "201.6247",
            "4. close": "204.0200",
            "5. volume": "40862100"
        },
        "2019-08-01": {
            "1. open": "213.9000",
            "2. high": "218.0300",
            "3. low": "206.7400",
            "4. close": "208.4300",
            "5. volume": "54017900"
        },
        "2019-07-31": {
            "1. open": "216.4200",
            "2. high": "221.3700",
            "3. low": "211.3000",
            "4. close": "213.0400",
            "5. volume": "69281400"
        },
        "2019-07-30": {
            "1. open": "208.7600",
            "2. high": "210.1600",
            "3. low": "207.3100",
            "4. close": "208.7800",
            "5. volume": "33935700"
        },
        "2019-07-29": {
            "1. open": "208.4600",
            "2. high": "210.6400",
            "3. low": "208.4400",
            "4. close": "209.6800",
            "5. volume": "21673400"
        },
        "2019-07-26": {
            "1. open": "207.4800",
            "2. high": "209.7300",
            "3. low": "207.1400",
            "4. close": "207.7400",
            "5. volume": "17618900"
        },
        "2019-07-25": {
            "1. open": "208.8900",
            "2. high": "209.2400",
            "3. low": "206.7300",
            "4. close": "207.0200",
            "5. volume": "13909600"
        },
        "2019-07-24": {
            "1. open": "207.6700",
            "2. high": "209.1500",
            "3. low": "207.1700",
            "4. close": "208.6700",
            "5. volume": "14991600"
        },
        "2019-07-23": {
            "1. open": "208.4600",
            "2. high": "208.9100",
            "3. low": "207.2900",
            "4. close": "208.8400",
            "5. volume": "18355200"
        },
        "2019-07-22": {
            "1. open": "203.6500",
            "2. high": "207.2300",
            "3. low": "203.6100",
            "4. close": "207.2200",
            "5. volume": "22277900"
        },
        "2019-07-19": {
            "1. open": "205.7900",
            "2. high": "206.5000",
            "3. low": "202.3600",
            "4. close": "202.5900",
            "5. volume": "20929300"
        },
        "2019-07-18": {
            "1. open": "204.0000",
            "2. high": "205.8800",
            "3. low": "203.7000",
            "4. close": "205.6600",
            "5. volume": "18540600"
        },
        "2019-07-17": {
            "1. open": "204.0500",
            "2. high": "205.0900",
            "3. low": "203.2700",
            "4. close": "203.3500",
            "5. volume": "14107500"
        },
        "2019-07-16": {
            "1. open": "204.5900",
            "2. high": "206.1100",
            "3. low": "203.5000",
            "4. close": "204.5000",
            "5. volume": "16866800"
        },
        "2019-07-15": {
            "1. open": "204.0900",
            "2. high": "205.8700",
            "3. low": "204.0000",
            "4. close": "205.2100",
            "5. volume": "16947400"
        },
        "2019-07-12": {
            "1. open": "202.4500",
            "2. high": "203.9983",
            "3. low": "202.2000",
            "4. close": "203.3000",
            "5. volume": "17595200"
        },
        "2019-07-11": {
            "1. open": "203.3137",
            "2. high": "204.3900",
            "3. low": "201.7100",
            "4. close": "201.7500",
            "5. volume": "20191800"
        },
        "2019-07-10": {
            "1. open": "201.8500",
            "2. high": "203.7300",
            "3. low": "201.5679",
            "4. close": "203.2300",
            "5. volume": "17897100"
        },
        "2019-07-09": {
            "1. open": "199.2000",
            "2. high": "201.5100",
            "3. low": "198.8100",
            "4. close": "201.2400",
            "5. volume": "20578000"
        },
        "2019-07-08": {
            "1. open": "200.8100",
            "2. high": "201.4000",
            "3. low": "198.4100",
            "4. close": "200.0200",
            "5. volume": "25338600"
        },
        "2019-07-05": {
            "1. open": "203.3500",
            "2. high": "205.0800",
            "3. low": "202.8856",
            "4. close": "204.2300",
            "5. volume": "17265500"
        },
        "2019-07-03": {
            "1. open": "203.2800",
            "2. high": "204.4400",
            "3. low": "202.6900",
            "4. close": "204.4100",
            "5. volume": "11362000"
        },
        "2019-07-02": {
            "1. open": "201.4100",
            "2. high": "203.1320",
            "3. low": "201.3600",
            "4. close": "202.7300",
            "5. volume": "16935200"
        },
        "2019-07-01": {
            "1. open": "203.1700",
            "2. high": "204.4900",
            "3. low": "200.6500",
            "4. close": "201.5500",
            "5. volume": "27253000"
        },
        "2019-06-28": {
            "1. open": "198.6800",
            "2. high": "199.4950",
            "3. low": "197.0500",
            "4. close": "197.9200",
            "5. volume": "31110600"
        },
        "2019-06-27": {
            "1. open": "200.2900",
            "2. high": "201.5700",
            "3. low": "199.5700",
            "4. close": "199.7400",
            "5. volume": "20899700"
        },
        "2019-06-26": {
            "1. open": "197.7700",
            "2. high": "200.9900",
            "3. low": "197.3494",
            "4. close": "199.8000",
            "5. volume": "26067500"
        },
        "2019-06-25": {
            "1. open": "198.4300",
            "2. high": "199.2600",
            "3. low": "195.2900",
            "4. close": "195.5700",
            "5. volume": "21070300"
        },
        "2019-06-24": {
            "1. open": "198.5400",
            "2. high": "200.1600",
            "3. low": "198.1700",
            "4. close": "198.5800",
            "5. volume": "18220400"
        },
        "2019-06-21": {
            "1. open": "198.8000",
            "2. high": "200.8500",
            "3. low": "198.1500",
            "4. close": "198.7800",
            "5. volume": "47800600"
        },
        "2019-06-20": {
            "1. open": "200.3543",
            "2. high": "200.6100",
            "3. low": "198.0300",
            "4. close": "199.4600",
            "5. volume": "21514000"
        },
        "2019-06-19": {
            "1. open": "199.6800",
            "2. high": "199.8800",
            "3. low": "197.3057",
            "4. close": "197.8700",
            "5. volume": "21124200"
        },
        "2019-06-18": {
            "1. open": "196.0500",
            "2. high": "200.2900",
            "3. low": "195.2100",
            "4. close": "198.4500",
            "5. volume": "26551000"
        },
        "2019-06-17": {
            "1. open": "192.9000",
            "2. high": "194.9553",
            "3. low": "192.1700",
            "4. close": "193.8900",
            "5. volume": "14669100"
        },
        "2019-06-14": {
            "1. open": "191.5384",
            "2. high": "193.5860",
            "3. low": "190.3000",
            "4. close": "192.7400",
            "5. volume": "18761500"
        },
        "2019-06-13": {
            "1. open": "194.7000",
            "2. high": "196.7900",
            "3. low": "193.6000",
            "4. close": "194.1500",
            "5. volume": "21674600"
        },
        "2019-06-12": {
            "1. open": "193.9491",
            "2. high": "195.9700",
            "3. low": "193.3850",
            "4. close": "194.1900",
            "5. volume": "18253200"
        },
        "2019-06-11": {
            "1. open": "194.8600",
            "2. high": "196.0000",
            "3. low": "193.6000",
            "4. close": "194.8100",
            "5. volume": "26932900"
        },
        "2019-06-10": {
            "1. open": "191.8100",
            "2. high": "195.3700",
            "3. low": "191.6200",
            "4. close": "192.5800",
            "5. volume": "26220900"
        },
        "2019-06-07": {
            "1. open": "186.5100",
            "2. high": "191.9200",
            "3. low": "185.7700",
            "4. close": "190.1500",
            "5. volume": "30684400"
        }
    }
}