{
    "Meta Data": {
        "1. Information": "Daily Prices (open, high, low, close) and Volumes",
        "2. Symbol": "GOGL",
        "3. Last Refreshed": "2019-10-28",
        "4. Output Size": "Compact",
        "5. Time Zone": "US/Eastern"
    },
    "Time Series (Daily)": {
        "2019-10-28": {
            "1. open": "6.1000",
            "2. high": "6.2000",
            "3. low": "6.1000",
            "4. close": "6.1400",
            "5. volume": "208970"
        },
        "2019-10-25": {
            "1. open": "6.1900",
            "2. high": "6.2900",
            "3. low": "6.1200",
            "4. close": "6.1200",
            "5. volume": "380100"
        },
        "2019-10-24": {
            "1. open": "6.3800",
            "2. high": "6.4900",
            "3. low": "6.3300",
            "4. close": "6.3300",
            "5. volume": "633700"
        },
        "2019-10-23": {
            "1. open": "5.9400",
            "2. high": "6.2500",
            "3. low": "5.9300",
            "4. close": "6.1700",
            "5. volume": "459500"
        },
        "2019-10-22": {
            "1. open": "5.8800",
            "2. high": "6.0400",
            "3. low": "5.8800",
            "4. close": "5.9800",
            "5. volume": "296000"
        },
        "2019-10-21": {
            "1. open": "5.9900",
            "2. high": "6.1600",
            "3. low": "5.9600",
            "4. close": "6.0900",
            "5. volume": "206600"
        },
        "2019-10-18": {
            "1. open": "5.9600",
            "2. high": "6.0300",
            "3. low": "5.9600",
            "4. close": "6.0000",
            "5. volume": "290200"
        },
        "2019-10-17": {
            "1. open": "5.8500",
            "2. high": "6.1000",
            "3. low": "5.8500",
            "4. close": "6.0400",
            "5. volume": "333900"
        },
        "2019-10-16": {
            "1. open": "5.9200",
            "2. high": "6.0300",
            "3. low": "5.8900",
            "4. close": "5.9700",
            "5. volume": "290700"
        },
        "2019-10-15": {
            "1. open": "5.9400",
            "2. high": "6.0700",
            "3. low": "5.8700",
            "4. close": "5.8800",
            "5. volume": "344100"
        },
        "2019-10-14": {
            "1. open": "5.9300",
            "2. high": "6.0600",
            "3. low": "5.9000",
            "4. close": "5.9900",
            "5. volume": "507400"
        },
        "2019-10-11": {
            "1. open": "6.0500",
            "2. high": "6.2000",
            "3. low": "6.0300",
            "4. close": "6.1600",
            "5. volume": "356900"
        },
        "2019-10-10": {
            "1. open": "6.0400",
            "2. high": "6.2200",
            "3. low": "6.0100",
            "4. close": "6.2200",
            "5. volume": "343600"
        },
        "2019-10-09": {
            "1. open": "5.9000",
            "2. high": "6.0900",
            "3. low": "5.8800",
            "4. close": "6.0600",
            "5. volume": "330500"
        },
        "2019-10-08": {
            "1. open": "5.6100",
            "2. high": "5.7200",
            "3. low": "5.6000",
            "4. close": "5.6600",
            "5. volume": "179400"
        },
        "2019-10-07": {
            "1. open": "5.5500",
            "2. high": "5.6700",
            "3. low": "5.5200",
            "4. close": "5.6100",
            "5. volume": "222700"
        },
        "2019-10-04": {
            "1. open": "5.4300",
            "2. high": "5.6500",
            "3. low": "5.3900",
            "4. close": "5.5900",
            "5. volume": "264700"
        },
        "2019-10-03": {
            "1. open": "5.3200",
            "2. high": "5.4400",
            "3. low": "5.2800",
            "4. close": "5.4100",
            "5. volume": "217800"
        },
        "2019-10-02": {
            "1. open": "5.6200",
            "2. high": "5.6400",
            "3. low": "5.5100",
            "4. close": "5.6000",
            "5. volume": "199600"
        },
        "2019-10-01": {
            "1. open": "5.7800",
            "2. high": "5.8200",
            "3. low": "5.6500",
            "4. close": "5.6800",
            "5. volume": "177600"
        },
        "2019-09-30": {
            "1. open": "5.8100",
            "2. high": "5.8700",
            "3. low": "5.7800",
            "4. close": "5.8200",
            "5. volume": "92200"
        },
        "2019-09-27": {
            "1. open": "5.7900",
            "2. high": "5.9600",
            "3. low": "5.7800",
            "4. close": "5.7900",
            "5. volume": "220400"
        },
        "2019-09-26": {
            "1. open": "5.8200",
            "2. high": "5.8700",
            "3. low": "5.8000",
            "4. close": "5.8200",
            "5. volume": "181500"
        },
        "2019-09-25": {
            "1. open": "5.8500",
            "2. high": "5.9200",
            "3. low": "5.8300",
            "4. close": "5.9100",
            "5. volume": "170800"
        },
        "2019-09-24": {
            "1. open": "6.2500",
            "2. high": "6.2800",
            "3. low": "5.9900",
            "4. close": "6.0300",
            "5. volume": "198000"
        },
        "2019-09-23": {
            "1. open": "5.9800",
            "2. high": "6.1200",
            "3. low": "5.9600",
            "4. close": "6.0600",
            "5. volume": "143700"
        },
        "2019-09-20": {
            "1. open": "6.0300",
            "2. high": "6.0700",
            "3. low": "5.9000",
            "4. close": "5.9200",
            "5. volume": "321000"
        },
        "2019-09-19": {
            "1. open": "6.0600",
            "2. high": "6.1200",
            "3. low": "5.9700",
            "4. close": "6.0000",
            "5. volume": "205200"
        },
        "2019-09-18": {
            "1. open": "6.3100",
            "2. high": "6.3100",
            "3. low": "6.1800",
            "4. close": "6.2300",
            "5. volume": "172300"
        },
        "2019-09-17": {
            "1. open": "6.2600",
            "2. high": "6.3400",
            "3. low": "6.1700",
            "4. close": "6.2700",
            "5. volume": "166700"
        },
        "2019-09-16": {
            "1. open": "6.5200",
            "2. high": "6.6300",
            "3. low": "6.4800",
            "4. close": "6.4800",
            "5. volume": "260500"
        },
        "2019-09-13": {
            "1. open": "6.5400",
            "2. high": "6.6700",
            "3. low": "6.5100",
            "4. close": "6.5600",
            "5. volume": "258800"
        },
        "2019-09-12": {
            "1. open": "6.3400",
            "2. high": "6.5200",
            "3. low": "6.2900",
            "4. close": "6.4800",
            "5. volume": "182800"
        },
        "2019-09-11": {
            "1. open": "6.4300",
            "2. high": "6.4900",
            "3. low": "6.3200",
            "4. close": "6.4700",
            "5. volume": "275100"
        },
        "2019-09-10": {
            "1. open": "6.5000",
            "2. high": "6.5900",
            "3. low": "6.4500",
            "4. close": "6.5000",
            "5. volume": "282200"
        },
        "2019-09-09": {
            "1. open": "6.4800",
            "2. high": "6.6200",
            "3. low": "6.4500",
            "4. close": "6.6000",
            "5. volume": "384500"
        },
        "2019-09-06": {
            "1. open": "6.3900",
            "2. high": "6.4800",
            "3. low": "6.3300",
            "4. close": "6.3900",
            "5. volume": "212900"
        },
        "2019-09-05": {
            "1. open": "6.3900",
            "2. high": "6.5300",
            "3. low": "6.2900",
            "4. close": "6.3300",
            "5. volume": "337600"
        },
        "2019-09-04": {
            "1. open": "6.3000",
            "2. high": "6.3800",
            "3. low": "6.2400",
            "4. close": "6.3600",
            "5. volume": "431300"
        },
        "2019-09-03": {
            "1. open": "6.3000",
            "2. high": "6.3200",
            "3. low": "6.1500",
            "4. close": "6.2800",
            "5. volume": "209100"
        },
        "2019-08-30": {
            "1. open": "6.1300",
            "2. high": "6.2600",
            "3. low": "6.1100",
            "4. close": "6.2000",
            "5. volume": "266600"
        },
        "2019-08-29": {
            "1. open": "5.9000",
            "2. high": "6.0700",
            "3. low": "5.9000",
            "4. close": "6.0500",
            "5. volume": "251400"
        },
        "2019-08-28": {
            "1. open": "5.9100",
            "2. high": "6.0800",
            "3. low": "5.8900",
            "4. close": "6.0600",
            "5. volume": "174100"
        },
        "2019-08-27": {
            "1. open": "6.0000",
            "2. high": "6.0500",
            "3. low": "5.8200",
            "4. close": "5.8800",
            "5. volume": "197300"
        },
        "2019-08-26": {
            "1. open": "5.7800",
            "2. high": "5.8300",
            "3. low": "5.7400",
            "4. close": "5.8200",
            "5. volume": "161100"
        },
        "2019-08-23": {
            "1. open": "5.8500",
            "2. high": "6.0000",
            "3. low": "5.6600",
            "4. close": "5.6600",
            "5. volume": "316600"
        },
        "2019-08-22": {
            "1. open": "6.0400",
            "2. high": "6.0500",
            "3. low": "5.9200",
            "4. close": "5.9200",
            "5. volume": "268200"
        },
        "2019-08-21": {
            "1. open": "5.9300",
            "2. high": "5.9500",
            "3. low": "5.8600",
            "4. close": "5.8900",
            "5. volume": "285900"
        },
        "2019-08-20": {
            "1. open": "5.5800",
            "2. high": "5.7000",
            "3. low": "5.5300",
            "4. close": "5.6700",
            "5. volume": "192000"
        },
        "2019-08-19": {
            "1. open": "5.5600",
            "2. high": "5.6800",
            "3. low": "5.5500",
            "4. close": "5.6000",
            "5. volume": "310300"
        },
        "2019-08-16": {
            "1. open": "5.3700",
            "2. high": "5.5400",
            "3. low": "5.3500",
            "4. close": "5.5200",
            "5. volume": "252200"
        },
        "2019-08-15": {
            "1. open": "5.2600",
            "2. high": "5.3001",
            "3. low": "5.1100",
            "4. close": "5.2100",
            "5. volume": "517300"
        },
        "2019-08-14": {
            "1. open": "5.4900",
            "2. high": "5.5300",
            "3. low": "5.4100",
            "4. close": "5.4500",
            "5. volume": "198200"
        },
        "2019-08-13": {
            "1. open": "5.4400",
            "2. high": "5.8200",
            "3. low": "5.4200",
            "4. close": "5.7100",
            "5. volume": "255200"
        },
        "2019-08-12": {
            "1. open": "5.2800",
            "2. high": "5.3900",
            "3. low": "5.2600",
            "4. close": "5.3600",
            "5. volume": "197100"
        },
        "2019-08-09": {
            "1. open": "5.4900",
            "2. high": "5.4900",
            "3. low": "5.4000",
            "4. close": "5.4300",
            "5. volume": "177500"
        },
        "2019-08-08": {
            "1. open": "5.3600",
            "2. high": "5.5000",
            "3. low": "5.3400",
            "4. close": "5.4800",
            "5. volume": "275800"
        },
        "2019-08-07": {
            "1. open": "5.2200",
            "2. high": "5.3100",
            "3. low": "5.1900",
            "4. close": "5.3000",
            "5. volume": "273900"
        },
        "2019-08-06": {
            "1. open": "5.4498",
            "2. high": "5.5300",
            "3. low": "5.3400",
            "4. close": "5.4800",
            "5. volume": "238700"
        },
        "2019-08-05": {
            "1. open": "5.4100",
            "2. high": "5.4299",
            "3. low": "5.2400",
            "4. close": "5.3100",
            "5. volume": "278100"
        },
        "2019-08-02": {
            "1. open": "5.7400",
            "2. high": "5.8100",
            "3. low": "5.6900",
            "4. close": "5.7300",
            "5. volume": "207600"
        },
        "2019-08-01": {
            "1. open": "6.0000",
            "2. high": "6.0900",
            "3. low": "5.8100",
            "4. close": "5.8700",
            "5. volume": "191500"
        },
        "2019-07-31": {
            "1. open": "6.1800",
            "2. high": "6.2000",
            "3. low": "6.0400",
            "4. close": "6.0800",
            "5. volume": "227300"
        },
        "2019-07-30": {
            "1. open": "6.2400",
            "2. high": "6.3100",
            "3. low": "6.1800",
            "4. close": "6.2600",
            "5. volume": "158700"
        },
        "2019-07-29": {
            "1. open": "6.4500",
            "2. high": "6.4500",
            "3. low": "6.3200",
            "4. close": "6.3400",
            "5. volume": "123400"
        },
        "2019-07-26": {
            "1. open": "6.3700",
            "2. high": "6.5200",
            "3. low": "6.3500",
            "4. close": "6.4700",
            "5. volume": "88300"
        },
        "2019-07-25": {
            "1. open": "6.3500",
            "2. high": "6.4500",
            "3. low": "6.3000",
            "4. close": "6.3700",
            "5. volume": "309100"
        },
        "2019-07-24": {
            "1. open": "6.2500",
            "2. high": "6.3800",
            "3. low": "6.2200",
            "4. close": "6.3500",
            "5. volume": "469800"
        },
        "2019-07-23": {
            "1. open": "6.5600",
            "2. high": "6.6200",
            "3. low": "6.4900",
            "4. close": "6.6100",
            "5. volume": "229200"
        },
        "2019-07-22": {
            "1. open": "6.8900",
            "2. high": "6.9200",
            "3. low": "6.8000",
            "4. close": "6.8200",
            "5. volume": "315000"
        },
        "2019-07-19": {
            "1. open": "6.8000",
            "2. high": "6.8500",
            "3. low": "6.6700",
            "4. close": "6.6900",
            "5. volume": "286000"
        },
        "2019-07-18": {
            "1. open": "6.6600",
            "2. high": "6.6900",
            "3. low": "6.6000",
            "4. close": "6.6300",
            "5. volume": "284900"
        },
        "2019-07-17": {
            "1. open": "6.6894",
            "2. high": "6.6900",
            "3. low": "6.5300",
            "4. close": "6.5500",
            "5. volume": "319600"
        },
        "2019-07-16": {
            "1. open": "6.6500",
            "2. high": "6.7400",
            "3. low": "6.6100",
            "4. close": "6.6100",
            "5. volume": "301600"
        },
        "2019-07-15": {
            "1. open": "6.5899",
            "2. high": "6.6400",
            "3. low": "6.4500",
            "4. close": "6.4500",
            "5. volume": "393400"
        },
        "2019-07-12": {
            "1. open": "6.5500",
            "2. high": "6.5700",
            "3. low": "6.4600",
            "4. close": "6.5000",
            "5. volume": "184900"
        },
        "2019-07-11": {
            "1. open": "6.5000",
            "2. high": "6.5700",
            "3. low": "6.4400",
            "4. close": "6.5000",
            "5. volume": "254400"
        },
        "2019-07-10": {
            "1. open": "6.4000",
            "2. high": "6.5200",
            "3. low": "6.3400",
            "4. close": "6.4700",
            "5. volume": "237200"
        },
        "2019-07-09": {
            "1. open": "6.2700",
            "2. high": "6.3900",
            "3. low": "6.2500",
            "4. close": "6.3800",
            "5. volume": "344800"
        },
        "2019-07-08": {
            "1. open": "6.2800",
            "2. high": "6.3600",
            "3. low": "6.2300",
            "4. close": "6.3400",
            "5. volume": "234100"
        },
        "2019-07-05": {
            "1. open": "6.2200",
            "2. high": "6.3800",
            "3. low": "6.1500",
            "4. close": "6.3700",
            "5. volume": "678300"
        },
        "2019-07-03": {
            "1. open": "6.2400",
            "2. high": "6.2700",
            "3. low": "6.1600",
            "4. close": "6.2400",
            "5. volume": "172000"
        },
        "2019-07-02": {
            "1. open": "6.1300",
            "2. high": "6.2300",
            "3. low": "6.0400",
            "4. close": "6.2200",
            "5. volume": "329400"
        },
        "2019-07-01": {
            "1. open": "6.0800",
            "2. high": "6.1950",
            "3. low": "6.0600",
            "4. close": "6.1800",
            "5. volume": "229500"
        },
        "2019-06-28": {
            "1. open": "5.7900",
            "2. high": "5.8290",
            "3. low": "5.7400",
            "4. close": "5.8100",
            "5. volume": "103500"
        },
        "2019-06-27": {
            "1. open": "5.6900",
            "2. high": "5.7500",
            "3. low": "5.5850",
            "4. close": "5.6900",
            "5. volume": "465600"
        },
        "2019-06-26": {
            "1. open": "5.4400",
            "2. high": "5.5100",
            "3. low": "5.4100",
            "4. close": "5.4200",
            "5. volume": "232100"
        },
        "2019-06-25": {
            "1. open": "5.2700",
            "2. high": "5.3200",
            "3. low": "5.2196",
            "4. close": "5.2500",
            "5. volume": "194000"
        },
        "2019-06-24": {
            "1. open": "5.4400",
            "2. high": "5.4495",
            "3. low": "5.2100",
            "4. close": "5.3000",
            "5. volume": "273000"
        },
        "2019-06-21": {
            "1. open": "5.4100",
            "2. high": "5.4500",
            "3. low": "5.3650",
            "4. close": "5.4100",
            "5. volume": "240700"
        },
        "2019-06-20": {
            "1. open": "5.3400",
            "2. high": "5.3400",
            "3. low": "5.2100",
            "4. close": "5.2900",
            "5. volume": "263000"
        },
        "2019-06-19": {
            "1. open": "5.1200",
            "2. high": "5.1900",
            "3. low": "5.0550",
            "4. close": "5.0600",
            "5. volume": "319000"
        },
        "2019-06-18": {
            "1. open": "4.7600",
            "2. high": "4.8897",
            "3. low": "4.7600",
            "4. close": "4.8600",
            "5. volume": "127800"
        },
        "2019-06-17": {
            "1. open": "4.7200",
            "2. high": "4.7800",
            "3. low": "4.7100",
            "4. close": "4.7400",
            "5. volume": "69300"
        },
        "2019-06-14": {
            "1. open": "4.7400",
            "2. high": "4.7400",
            "3. low": "4.6500",
            "4. close": "4.6500",
            "5. volume": "117000"
        },
        "2019-06-13": {
            "1. open": "4.6500",
            "2. high": "4.7300",
            "3. low": "4.6200",
            "4. close": "4.7300",
            "5. volume": "154200"
        },
        "2019-06-12": {
            "1. open": "4.5800",
            "2. high": "4.5900",
            "3. low": "4.4800",
            "4. close": "4.4800",
            "5. volume": "109600"
        },
        "2019-06-11": {
            "1. open": "4.8898",
            "2. high": "4.9100",
            "3. low": "4.8100",
            "4. close": "4.8200",
            "5. volume": "121900"
        },
        "2019-06-10": {
            "1. open": "4.8300",
            "2. high": "4.8300",
            "3. low": "4.7000",
            "4. close": "4.7000",
            "5. volume": "86500"
        },
        "2019-06-07": {
            "1. open": "4.6900",
            "2. high": "4.8200",
            "3. low": "4.6800",
            "4. close": "4.7800",
            "5. volume": "179700"
        }
    }
}