{
    "Meta Data": {
        "1. Information": "Daily Prices (open, high, low, close) and Volumes",
        "2. Symbol": "MSFT",
        "3. Last Refreshed": "2019-10-23",
        "4. Output Size": "Compact",
        "5. Time Zone": "US/Eastern"
    },
    "Time Series (Daily)": {
        "2019-10-23": {
            "1. open": "136.8800",
            "2. high": "137.4500",
            "3. low": "135.6100",
            "4. close": "137.2400",
            "5. volume": "31380309"
        },
        "2019-10-22": {
            "1. open": "138.9700",
            "2. high": "140.0100",
            "3. low": "136.2600",
            "4. close": "136.3700",
            "5. volume": "27431000"
        },
        "2019-10-21": {
            "1. open": "138.4500",
            "2. high": "138.5000",
            "3. low": "137.0100",
            "4. close": "138.4300",
            "5. volume": "20078200"
        },
        "2019-10-18": {
            "1. open": "139.7600",
            "2. high": "140.0000",
            "3. low": "136.5600",
            "4. close": "137.4100",
            "5. volume": "32273500"
        },
        "2019-10-17": {
            "1. open": "140.9500",
            "2. high": "141.4200",
            "3. low": "139.0200",
            "4. close": "139.6900",
            "5. volume": "21460600"
        },
        "2019-10-16": {
            "1. open": "140.7900",
            "2. high": "140.9900",
            "3. low": "139.5300",
            "4. close": "140.4100",
            "5. volume": "20751600"
        },
        "2019-10-15": {
            "1. open": "140.0600",
            "2. high": "141.7900",
            "3. low": "139.8100",
            "4. close": "141.5700",
            "5. volume": "19695700"
        },
        "2019-10-14": {
            "1. open": "139.6900",
            "2. high": "140.2900",
            "3. low": "139.5200",
            "4. close": "139.5500",
            "5. volume": "13304300"
        },
        "2019-10-11": {
            "1. open": "140.1200",
            "2. high": "141.0300",
            "3. low": "139.5000",
            "4. close": "139.6800",
            "5. volume": "25446000"
        },
        "2019-10-10": {
            "1. open": "138.4900",
            "2. high": "139.6700",
            "3. low": "138.2500",
            "4. close": "139.1000",
            "5. volume": "17654600"
        },
        "2019-10-09": {
            "1. open": "137.4600",
            "2. high": "138.7000",
            "3. low": "136.9700",
            "4. close": "138.2400",
            "5. volume": "19749900"
        },
        "2019-10-08": {
            "1. open": "137.0800",
            "2. high": "137.7600",
            "3. low": "135.6200",
            "4. close": "135.6700",
            "5. volume": "25550500"
        },
        "2019-10-07": {
            "1. open": "137.1400",
            "2. high": "138.1800",
            "3. low": "137.0200",
            "4. close": "137.1200",
            "5. volume": "15303700"
        },
        "2019-10-04": {
            "1. open": "136.7500",
            "2. high": "138.2500",
            "3. low": "136.4200",
            "4. close": "138.1200",
            "5. volume": "22897700"
        },
        "2019-10-03": {
            "1. open": "134.9500",
            "2. high": "136.7500",
            "3. low": "133.2200",
            "4. close": "136.2800",
            "5. volume": "24132900"
        },
        "2019-10-02": {
            "1. open": "136.2500",
            "2. high": "136.3700",
            "3. low": "133.5800",
            "4. close": "134.6500",
            "5. volume": "30521700"
        },
        "2019-10-01": {
            "1. open": "139.6600",
            "2. high": "140.2500",
            "3. low": "137.0000",
            "4. close": "137.0700",
            "5. volume": "21466600"
        },
        "2019-09-30": {
            "1. open": "138.0500",
            "2. high": "139.2200",
            "3. low": "137.7800",
            "4. close": "139.0300",
            "5. volume": "17280900"
        },
        "2019-09-27": {
            "1. open": "140.1500",
            "2. high": "140.3600",
            "3. low": "136.6500",
            "4. close": "137.7300",
            "5. volume": "22477700"
        },
        "2019-09-26": {
            "1. open": "139.4400",
            "2. high": "140.1800",
            "3. low": "138.4400",
            "4. close": "139.5400",
            "5. volume": "17456600"
        },
        "2019-09-25": {
            "1. open": "137.5000",
            "2. high": "139.9600",
            "3. low": "136.0300",
            "4. close": "139.3600",
            "5. volume": "21382000"
        },
        "2019-09-24": {
            "1. open": "140.3600",
            "2. high": "140.6900",
            "3. low": "136.8800",
            "4. close": "137.3800",
            "5. volume": "29773200"
        },
        "2019-09-23": {
            "1. open": "139.2300",
            "2. high": "139.6300",
            "3. low": "138.4400",
            "4. close": "139.1400",
            "5. volume": "17139300"
        },
        "2019-09-20": {
            "1. open": "141.0100",
            "2. high": "141.6500",
            "3. low": "138.2500",
            "4. close": "139.4400",
            "5. volume": "39167300"
        },
        "2019-09-19": {
            "1. open": "140.3000",
            "2. high": "142.3700",
            "3. low": "140.0700",
            "4. close": "141.0700",
            "5. volume": "35772100"
        },
        "2019-09-18": {
            "1. open": "137.3600",
            "2. high": "138.6700",
            "3. low": "136.5300",
            "4. close": "138.5200",
            "5. volume": "23982100"
        },
        "2019-09-17": {
            "1. open": "136.9600",
            "2. high": "137.5200",
            "3. low": "136.4300",
            "4. close": "137.3900",
            "5. volume": "17814200"
        },
        "2019-09-16": {
            "1. open": "135.8300",
            "2. high": "136.7000",
            "3. low": "135.6600",
            "4. close": "136.3300",
            "5. volume": "16731400"
        },
        "2019-09-13": {
            "1. open": "137.7800",
            "2. high": "138.0600",
            "3. low": "136.5700",
            "4. close": "137.3200",
            "5. volume": "23363100"
        },
        "2019-09-12": {
            "1. open": "137.8500",
            "2. high": "138.4200",
            "3. low": "136.8700",
            "4. close": "137.5200",
            "5. volume": "27010000"
        },
        "2019-09-11": {
            "1. open": "135.9100",
            "2. high": "136.2700",
            "3. low": "135.0900",
            "4. close": "136.1200",
            "5. volume": "24726100"
        },
        "2019-09-10": {
            "1. open": "136.8000",
            "2. high": "136.8900",
            "3. low": "134.5100",
            "4. close": "136.0800",
            "5. volume": "28903400"
        },
        "2019-09-09": {
            "1. open": "139.5900",
            "2. high": "139.7500",
            "3. low": "136.4600",
            "4. close": "137.5200",
            "5. volume": "25773900"
        },
        "2019-09-06": {
            "1. open": "140.0300",
            "2. high": "140.1800",
            "3. low": "138.2000",
            "4. close": "139.1000",
            "5. volume": "20824500"
        },
        "2019-09-05": {
            "1. open": "139.1100",
            "2. high": "140.3800",
            "3. low": "138.7600",
            "4. close": "140.0500",
            "5. volume": "26101800"
        },
        "2019-09-04": {
            "1. open": "137.3000",
            "2. high": "137.6900",
            "3. low": "136.4800",
            "4. close": "137.6300",
            "5. volume": "17995900"
        },
        "2019-09-03": {
            "1. open": "136.6100",
            "2. high": "137.2000",
            "3. low": "135.7000",
            "4. close": "136.0400",
            "5. volume": "18869300"
        },
        "2019-08-30": {
            "1. open": "139.1500",
            "2. high": "139.1800",
            "3. low": "136.2700",
            "4. close": "137.8600",
            "5. volume": "23940100"
        },
        "2019-08-29": {
            "1. open": "137.2500",
            "2. high": "138.4400",
            "3. low": "136.9100",
            "4. close": "138.1200",
            "5. volume": "20168700"
        },
        "2019-08-28": {
            "1. open": "134.8800",
            "2. high": "135.7600",
            "3. low": "133.5500",
            "4. close": "135.5600",
            "5. volume": "17393300"
        },
        "2019-08-27": {
            "1. open": "136.3900",
            "2. high": "136.7200",
            "3. low": "134.6600",
            "4. close": "135.7400",
            "5. volume": "23102100"
        },
        "2019-08-26": {
            "1. open": "134.9900",
            "2. high": "135.5600",
            "3. low": "133.9000",
            "4. close": "135.4500",
            "5. volume": "20312600"
        },
        "2019-08-23": {
            "1. open": "137.1900",
            "2. high": "138.3500",
            "3. low": "132.8000",
            "4. close": "133.3900",
            "5. volume": "38508600"
        },
        "2019-08-22": {
            "1. open": "138.6600",
            "2. high": "139.2000",
            "3. low": "136.2900",
            "4. close": "137.7800",
            "5. volume": "18697000"
        },
        "2019-08-21": {
            "1. open": "138.5500",
            "2. high": "139.4900",
            "3. low": "138.0000",
            "4. close": "138.7900",
            "5. volume": "14970300"
        },
        "2019-08-20": {
            "1. open": "138.2100",
            "2. high": "138.7100",
            "3. low": "137.2400",
            "4. close": "137.2600",
            "5. volume": "21170800"
        },
        "2019-08-19": {
            "1. open": "137.8500",
            "2. high": "138.5500",
            "3. low": "136.8900",
            "4. close": "138.4100",
            "5. volume": "24355700"
        },
        "2019-08-16": {
            "1. open": "134.8800",
            "2. high": "136.4600",
            "3. low": "134.7200",
            "4. close": "136.1300",
            "5. volume": "24449100"
        },
        "2019-08-15": {
            "1. open": "134.3900",
            "2. high": "134.5800",
            "3. low": "132.2500",
            "4. close": "133.6800",
            "5. volume": "28074400"
        },
        "2019-08-14": {
            "1. open": "136.3600",
            "2. high": "136.9200",
            "3. low": "133.6700",
            "4. close": "133.9800",
            "5. volume": "32527300"
        },
        "2019-08-13": {
            "1. open": "136.0500",
            "2. high": "138.8000",
            "3. low": "135.0000",
            "4. close": "138.6000",
            "5. volume": "25154600"
        },
        "2019-08-12": {
            "1. open": "137.0700",
            "2. high": "137.8600",
            "3. low": "135.2400",
            "4. close": "135.7900",
            "5. volume": "20484300"
        },
        "2019-08-09": {
            "1. open": "138.6100",
            "2. high": "139.3800",
            "3. low": "136.4600",
            "4. close": "137.7100",
            "5. volume": "23466700"
        },
        "2019-08-08": {
            "1. open": "136.6000",
            "2. high": "138.9900",
            "3. low": "135.9300",
            "4. close": "138.8900",
            "5. volume": "27496500"
        },
        "2019-08-07": {
            "1. open": "133.7900",
            "2. high": "135.6500",
            "3. low": "131.8280",
            "4. close": "135.2800",
            "5. volume": "33414500"
        },
        "2019-08-06": {
            "1. open": "133.8000",
            "2. high": "135.6800",
            "3. low": "133.2100",
            "4. close": "134.6900",
            "5. volume": "32696700"
        },
        "2019-08-05": {
            "1. open": "133.3000",
            "2. high": "133.9300",
            "3. low": "130.7800",
            "4. close": "132.2100",
            "5. volume": "42749600"
        },
        "2019-08-02": {
            "1. open": "138.0900",
            "2. high": "138.3200",
            "3. low": "135.2600",
            "4. close": "136.9000",
            "5. volume": "30791600"
        },
        "2019-08-01": {
            "1. open": "137.0000",
            "2. high": "140.9400",
            "3. low": "136.9300",
            "4. close": "138.0600",
            "5. volume": "40557500"
        },
        "2019-07-31": {
            "1. open": "140.3300",
            "2. high": "140.4900",
            "3. low": "135.0800",
            "4. close": "136.2700",
            "5. volume": "38598800"
        },
        "2019-07-30": {
            "1. open": "140.1400",
            "2. high": "141.2200",
            "3. low": "139.8000",
            "4. close": "140.3500",
            "5. volume": "16846500"
        },
        "2019-07-29": {
            "1. open": "141.5000",
            "2. high": "141.5100",
            "3. low": "139.3700",
            "4. close": "141.0300",
            "5. volume": "16605900"
        },
        "2019-07-26": {
            "1. open": "140.3700",
            "2. high": "141.6800",
            "3. low": "140.3000",
            "4. close": "141.3400",
            "5. volume": "19037600"
        },
        "2019-07-25": {
            "1. open": "140.4300",
            "2. high": "140.6100",
            "3. low": "139.3200",
            "4. close": "140.1900",
            "5. volume": "18356900"
        },
        "2019-07-24": {
            "1. open": "138.8968",
            "2. high": "140.7400",
            "3. low": "138.8500",
            "4. close": "140.7200",
            "5. volume": "20738300"
        },
        "2019-07-23": {
            "1. open": "139.7600",
            "2. high": "139.9900",
            "3. low": "138.0300",
            "4. close": "139.2900",
            "5. volume": "18034600"
        },
        "2019-07-22": {
            "1. open": "137.4100",
            "2. high": "139.1900",
            "3. low": "137.3300",
            "4. close": "138.4300",
            "5. volume": "25074900"
        },
        "2019-07-19": {
            "1. open": "140.2200",
            "2. high": "140.6700",
            "3. low": "136.4500",
            "4. close": "136.6200",
            "5. volume": "48992400"
        },
        "2019-07-18": {
            "1. open": "135.5500",
            "2. high": "136.6200",
            "3. low": "134.6700",
            "4. close": "136.4200",
            "5. volume": "30381800"
        },
        "2019-07-17": {
            "1. open": "137.7000",
            "2. high": "137.9300",
            "3. low": "136.2200",
            "4. close": "136.2700",
            "5. volume": "20211000"
        },
        "2019-07-16": {
            "1. open": "138.9600",
            "2. high": "139.0500",
            "3. low": "136.5200",
            "4. close": "137.0800",
            "5. volume": "22726100"
        },
        "2019-07-15": {
            "1. open": "139.4400",
            "2. high": "139.5400",
            "3. low": "138.4600",
            "4. close": "138.9000",
            "5. volume": "16651500"
        },
        "2019-07-12": {
            "1. open": "138.8500",
            "2. high": "139.1300",
            "3. low": "138.0100",
            "4. close": "138.9000",
            "5. volume": "18936800"
        },
        "2019-07-11": {
            "1. open": "138.2000",
            "2. high": "139.2200",
            "3. low": "137.8700",
            "4. close": "138.4000",
            "5. volume": "22327900"
        },
        "2019-07-10": {
            "1. open": "137.1300",
            "2. high": "138.5800",
            "3. low": "137.0200",
            "4. close": "137.8500",
            "5. volume": "24204400"
        },
        "2019-07-09": {
            "1. open": "136.0000",
            "2. high": "136.9700",
            "3. low": "135.8000",
            "4. close": "136.4600",
            "5. volume": "19953100"
        },
        "2019-07-08": {
            "1. open": "136.4000",
            "2. high": "137.1000",
            "3. low": "135.3700",
            "4. close": "136.9600",
            "5. volume": "16779700"
        },
        "2019-07-05": {
            "1. open": "135.9400",
            "2. high": "137.3300",
            "3. low": "135.7200",
            "4. close": "137.0600",
            "5. volume": "18141100"
        },
        "2019-07-03": {
            "1. open": "136.8000",
            "2. high": "137.7400",
            "3. low": "136.2950",
            "4. close": "137.4600",
            "5. volume": "13629300"
        },
        "2019-07-02": {
            "1. open": "136.1200",
            "2. high": "136.5900",
            "3. low": "135.3291",
            "4. close": "136.5800",
            "5. volume": "15237800"
        },
        "2019-07-01": {
            "1. open": "136.6300",
            "2. high": "136.7000",
            "3. low": "134.9700",
            "4. close": "135.6800",
            "5. volume": "22613500"
        },
        "2019-06-28": {
            "1. open": "134.5700",
            "2. high": "134.6000",
            "3. low": "133.1560",
            "4. close": "133.9600",
            "5. volume": "30043000"
        },
        "2019-06-27": {
            "1. open": "134.1400",
            "2. high": "134.7100",
            "3. low": "133.5100",
            "4. close": "134.1500",
            "5. volume": "16557500"
        },
        "2019-06-26": {
            "1. open": "134.3500",
            "2. high": "135.7327",
            "3. low": "133.6000",
            "4. close": "133.9300",
            "5. volume": "23657700"
        },
        "2019-06-25": {
            "1. open": "137.2500",
            "2. high": "137.5900",
            "3. low": "132.7300",
            "4. close": "133.4300",
            "5. volume": "33327400"
        },
        "2019-06-24": {
            "1. open": "137.0000",
            "2. high": "138.4000",
            "3. low": "137.0000",
            "4. close": "137.7800",
            "5. volume": "20628800"
        },
        "2019-06-21": {
            "1. open": "136.5800",
            "2. high": "137.7300",
            "3. low": "136.4600",
            "4. close": "136.9700",
            "5. volume": "36727900"
        },
        "2019-06-20": {
            "1. open": "137.4500",
            "2. high": "137.6600",
            "3. low": "135.7200",
            "4. close": "136.9500",
            "5. volume": "33042600"
        },
        "2019-06-19": {
            "1. open": "135.0000",
            "2. high": "135.9300",
            "3. low": "133.8100",
            "4. close": "135.6900",
            "5. volume": "23744400"
        },
        "2019-06-18": {
            "1. open": "134.1900",
            "2. high": "135.2400",
            "3. low": "133.5700",
            "4. close": "135.1600",
            "5. volume": "25934500"
        },
        "2019-06-17": {
            "1. open": "132.6300",
            "2. high": "133.7300",
            "3. low": "132.5300",
            "4. close": "132.8500",
            "5. volume": "14517800"
        },
        "2019-06-14": {
            "1. open": "132.2600",
            "2. high": "133.7900",
            "3. low": "131.6400",
            "4. close": "132.4500",
            "5. volume": "17821700"
        },
        "2019-06-13": {
            "1. open": "131.9800",
            "2. high": "132.6700",
            "3. low": "131.5600",
            "4. close": "132.3200",
            "5. volume": "17200800"
        },
        "2019-06-12": {
            "1. open": "131.4000",
            "2. high": "131.9700",
            "3. low": "130.7100",
            "4. close": "131.4900",
            "5. volume": "17092500"
        },
        "2019-06-11": {
            "1. open": "133.8800",
            "2. high": "134.2400",
            "3. low": "131.2760",
            "4. close": "132.1000",
            "5. volume": "23913700"
        },
        "2019-06-10": {
            "1. open": "132.4000",
            "2. high": "134.0800",
            "3. low": "132.0000",
            "4. close": "132.6000",
            "5. volume": "26477100"
        },
        "2019-06-07": {
            "1. open": "129.1903",
            "2. high": "132.2500",
            "3. low": "128.2600",
            "4. close": "131.4000",
            "5. volume": "33885600"
        },
        "2019-06-06": {
            "1. open": "126.4400",
            "2. high": "127.9700",
            "3. low": "125.6000",
            "4. close": "127.8200",
            "5. volume": "21459000"
        },
        "2019-06-05": {
            "1. open": "124.9500",
            "2. high": "125.8700",
            "3. low": "124.2100",
            "4. close": "125.8300",
            "5. volume": "24926100"
        },
        "2019-06-04": {
            "1. open": "121.2800",
            "2. high": "123.2800",
            "3. low": "120.6520",
            "4. close": "123.1600",
            "5. volume": "29382600"
        }
    }
}