{
    "Meta Data": {
        "1. Information": "Daily Prices (open, high, low, close) and Volumes",
        "2. Symbol": "VALE",
        "3. Last Refreshed": "2019-10-28",
        "4. Output Size": "Compact",
        "5. Time Zone": "US/Eastern"
    },
    "Time Series (Daily)": {
        "2019-10-28": {
            "1. open": "12.1900",
            "2. high": "12.2300",
            "3. low": "12.0800",
            "4. close": "12.2300",
            "5. volume": "21166560"
        },
        "2019-10-25": {
            "1. open": "11.8500",
            "2. high": "12.0700",
            "3. low": "11.8400",
            "4. close": "12.0400",
            "5. volume": "28137900"
        },
        "2019-10-24": {
            "1. open": "11.7700",
            "2. high": "11.7800",
            "3. low": "11.4900",
            "4. close": "11.5100",
            "5. volume": "19610100"
        },
        "2019-10-23": {
            "1. open": "11.6000",
            "2. high": "11.6900",
            "3. low": "11.5300",
            "4. close": "11.6500",
            "5. volume": "13323000"
        },
        "2019-10-22": {
            "1. open": "11.4700",
            "2. high": "11.6300",
            "3. low": "11.4600",
            "4. close": "11.5700",
            "5. volume": "17331100"
        },
        "2019-10-21": {
            "1. open": "11.2500",
            "2. high": "11.3800",
            "3. low": "11.2200",
            "4. close": "11.3800",
            "5. volume": "9959600"
        },
        "2019-10-18": {
            "1. open": "11.2400",
            "2. high": "11.3500",
            "3. low": "11.1400",
            "4. close": "11.1500",
            "5. volume": "13181400"
        },
        "2019-10-17": {
            "1. open": "11.3000",
            "2. high": "11.3400",
            "3. low": "11.1500",
            "4. close": "11.1700",
            "5. volume": "14801700"
        },
        "2019-10-16": {
            "1. open": "11.2000",
            "2. high": "11.2800",
            "3. low": "11.1400",
            "4. close": "11.2100",
            "5. volume": "22808100"
        },
        "2019-10-15": {
            "1. open": "11.5300",
            "2. high": "11.5900",
            "3. low": "11.4100",
            "4. close": "11.4400",
            "5. volume": "18703300"
        },
        "2019-10-14": {
            "1. open": "11.5900",
            "2. high": "11.6200",
            "3. low": "11.4900",
            "4. close": "11.5800",
            "5. volume": "12863900"
        },
        "2019-10-11": {
            "1. open": "11.6900",
            "2. high": "11.9000",
            "3. low": "11.6700",
            "4. close": "11.8100",
            "5. volume": "23397600"
        },
        "2019-10-10": {
            "1. open": "11.1800",
            "2. high": "11.5200",
            "3. low": "11.1800",
            "4. close": "11.4200",
            "5. volume": "22547700"
        },
        "2019-10-09": {
            "1. open": "11.1900",
            "2. high": "11.2000",
            "3. low": "10.9900",
            "4. close": "11.1100",
            "5. volume": "12151800"
        },
        "2019-10-08": {
            "1. open": "11.1800",
            "2. high": "11.2200",
            "3. low": "11.0400",
            "4. close": "11.0500",
            "5. volume": "19897800"
        },
        "2019-10-07": {
            "1. open": "11.4400",
            "2. high": "11.5200",
            "3. low": "11.2100",
            "4. close": "11.2400",
            "5. volume": "12404600"
        },
        "2019-10-04": {
            "1. open": "11.2500",
            "2. high": "11.4700",
            "3. low": "11.2400",
            "4. close": "11.4500",
            "5. volume": "21606900"
        },
        "2019-10-03": {
            "1. open": "10.9000",
            "2. high": "11.1700",
            "3. low": "10.7300",
            "4. close": "11.0600",
            "5. volume": "26433700"
        },
        "2019-10-02": {
            "1. open": "11.1600",
            "2. high": "11.2200",
            "3. low": "10.8500",
            "4. close": "10.8700",
            "5. volume": "35259100"
        },
        "2019-10-01": {
            "1. open": "11.4300",
            "2. high": "11.6600",
            "3. low": "11.4100",
            "4. close": "11.4500",
            "5. volume": "18367200"
        },
        "2019-09-30": {
            "1. open": "11.3200",
            "2. high": "11.5300",
            "3. low": "11.2900",
            "4. close": "11.5000",
            "5. volume": "12819500"
        },
        "2019-09-27": {
            "1. open": "11.5400",
            "2. high": "11.5900",
            "3. low": "11.3400",
            "4. close": "11.4300",
            "5. volume": "13501100"
        },
        "2019-09-26": {
            "1. open": "11.5700",
            "2. high": "11.5700",
            "3. low": "11.3800",
            "4. close": "11.4400",
            "5. volume": "14592600"
        },
        "2019-09-25": {
            "1. open": "11.1900",
            "2. high": "11.4900",
            "3. low": "11.1300",
            "4. close": "11.4700",
            "5. volume": "16306100"
        },
        "2019-09-24": {
            "1. open": "11.3900",
            "2. high": "11.4000",
            "3. low": "11.1700",
            "4. close": "11.2100",
            "5. volume": "15789100"
        },
        "2019-09-23": {
            "1. open": "11.5100",
            "2. high": "11.6200",
            "3. low": "11.4500",
            "4. close": "11.4700",
            "5. volume": "16533300"
        },
        "2019-09-20": {
            "1. open": "11.6000",
            "2. high": "11.6900",
            "3. low": "11.4700",
            "4. close": "11.5800",
            "5. volume": "14515800"
        },
        "2019-09-19": {
            "1. open": "11.6100",
            "2. high": "11.7100",
            "3. low": "11.5500",
            "4. close": "11.5800",
            "5. volume": "13662100"
        },
        "2019-09-18": {
            "1. open": "11.8600",
            "2. high": "11.9400",
            "3. low": "11.6300",
            "4. close": "11.7700",
            "5. volume": "15287400"
        },
        "2019-09-17": {
            "1. open": "11.7100",
            "2. high": "11.9700",
            "3. low": "11.6800",
            "4. close": "11.9300",
            "5. volume": "13757100"
        },
        "2019-09-16": {
            "1. open": "11.9000",
            "2. high": "11.9800",
            "3. low": "11.7900",
            "4. close": "11.8700",
            "5. volume": "18225800"
        },
        "2019-09-13": {
            "1. open": "12.3600",
            "2. high": "12.3800",
            "3. low": "12.1200",
            "4. close": "12.1500",
            "5. volume": "24857400"
        },
        "2019-09-12": {
            "1. open": "12.0600",
            "2. high": "12.2100",
            "3. low": "11.9500",
            "4. close": "12.1700",
            "5. volume": "30558400"
        },
        "2019-09-11": {
            "1. open": "11.7800",
            "2. high": "11.9400",
            "3. low": "11.6400",
            "4. close": "11.8100",
            "5. volume": "20107500"
        },
        "2019-09-10": {
            "1. open": "11.5100",
            "2. high": "11.8000",
            "3. low": "11.4400",
            "4. close": "11.7300",
            "5. volume": "20728700"
        },
        "2019-09-09": {
            "1. open": "11.3400",
            "2. high": "11.6100",
            "3. low": "11.3300",
            "4. close": "11.6100",
            "5. volume": "18956800"
        },
        "2019-09-06": {
            "1. open": "11.3000",
            "2. high": "11.4400",
            "3. low": "11.3000",
            "4. close": "11.3400",
            "5. volume": "16838300"
        },
        "2019-09-05": {
            "1. open": "11.4600",
            "2. high": "11.5200",
            "3. low": "11.3000",
            "4. close": "11.3300",
            "5. volume": "16574600"
        },
        "2019-09-04": {
            "1. open": "11.1700",
            "2. high": "11.2600",
            "3. low": "11.1200",
            "4. close": "11.2400",
            "5. volume": "17011500"
        },
        "2019-09-03": {
            "1. open": "10.9300",
            "2. high": "11.0400",
            "3. low": "10.8300",
            "4. close": "10.9100",
            "5. volume": "16612800"
        },
        "2019-08-30": {
            "1. open": "11.0400",
            "2. high": "11.1500",
            "3. low": "10.9100",
            "4. close": "11.0000",
            "5. volume": "29954000"
        },
        "2019-08-29": {
            "1. open": "10.5700",
            "2. high": "10.8300",
            "3. low": "10.5300",
            "4. close": "10.7200",
            "5. volume": "20135700"
        },
        "2019-08-28": {
            "1. open": "10.3900",
            "2. high": "10.5900",
            "3. low": "10.3000",
            "4. close": "10.4300",
            "5. volume": "12539100"
        },
        "2019-08-27": {
            "1. open": "10.3000",
            "2. high": "10.5500",
            "3. low": "10.2800",
            "4. close": "10.3300",
            "5. volume": "21225400"
        },
        "2019-08-26": {
            "1. open": "10.4800",
            "2. high": "10.5000",
            "3. low": "10.2000",
            "4. close": "10.2800",
            "5. volume": "15253000"
        },
        "2019-08-23": {
            "1. open": "10.7500",
            "2. high": "10.9100",
            "3. low": "10.3900",
            "4. close": "10.4600",
            "5. volume": "24437000"
        },
        "2019-08-22": {
            "1. open": "10.8700",
            "2. high": "10.9400",
            "3. low": "10.6900",
            "4. close": "10.7700",
            "5. volume": "16527400"
        },
        "2019-08-21": {
            "1. open": "10.6900",
            "2. high": "10.9900",
            "3. low": "10.6700",
            "4. close": "10.8600",
            "5. volume": "19556800"
        },
        "2019-08-20": {
            "1. open": "10.6100",
            "2. high": "10.9800",
            "3. low": "10.6000",
            "4. close": "10.7900",
            "5. volume": "18706600"
        },
        "2019-08-19": {
            "1. open": "11.0300",
            "2. high": "11.0500",
            "3. low": "10.5900",
            "4. close": "10.6800",
            "5. volume": "21986500"
        },
        "2019-08-16": {
            "1. open": "11.0500",
            "2. high": "11.1100",
            "3. low": "10.6800",
            "4. close": "10.8800",
            "5. volume": "16612100"
        },
        "2019-08-15": {
            "1. open": "11.0703",
            "2. high": "11.1000",
            "3. low": "10.6800",
            "4. close": "10.9700",
            "5. volume": "20501500"
        },
        "2019-08-14": {
            "1. open": "11.3500",
            "2. high": "11.3500",
            "3. low": "11.0500",
            "4. close": "11.0600",
            "5. volume": "24040000"
        },
        "2019-08-13": {
            "1. open": "11.3100",
            "2. high": "11.7950",
            "3. low": "11.2700",
            "4. close": "11.7000",
            "5. volume": "27767200"
        },
        "2019-08-12": {
            "1. open": "11.2500",
            "2. high": "11.4350",
            "3. low": "11.1900",
            "4. close": "11.3000",
            "5. volume": "13687700"
        },
        "2019-08-09": {
            "1. open": "11.8100",
            "2. high": "11.8550",
            "3. low": "11.5100",
            "4. close": "11.5500",
            "5. volume": "19123500"
        },
        "2019-08-08": {
            "1. open": "11.9200",
            "2. high": "12.0100",
            "3. low": "11.8730",
            "4. close": "11.9700",
            "5. volume": "20536400"
        },
        "2019-08-07": {
            "1. open": "11.4800",
            "2. high": "11.6500",
            "3. low": "11.3900",
            "4. close": "11.6400",
            "5. volume": "21091300"
        },
        "2019-08-06": {
            "1. open": "11.8100",
            "2. high": "11.8400",
            "3. low": "11.5900",
            "4. close": "11.7500",
            "5. volume": "21088000"
        },
        "2019-08-05": {
            "1. open": "11.7200",
            "2. high": "11.7400",
            "3. low": "11.5000",
            "4. close": "11.5600",
            "5. volume": "27417500"
        },
        "2019-08-02": {
            "1. open": "12.3400",
            "2. high": "12.4200",
            "3. low": "12.1900",
            "4. close": "12.2800",
            "5. volume": "19317000"
        },
        "2019-08-01": {
            "1. open": "12.7300",
            "2. high": "12.8400",
            "3. low": "12.4900",
            "4. close": "12.5200",
            "5. volume": "29837000"
        },
        "2019-07-31": {
            "1. open": "13.2500",
            "2. high": "13.3100",
            "3. low": "12.8500",
            "4. close": "12.9900",
            "5. volume": "27454600"
        },
        "2019-07-30": {
            "1. open": "13.2800",
            "2. high": "13.2900",
            "3. low": "13.1400",
            "4. close": "13.1600",
            "5. volume": "20709700"
        },
        "2019-07-29": {
            "1. open": "13.1900",
            "2. high": "13.2500",
            "3. low": "13.0800",
            "4. close": "13.2400",
            "5. volume": "17826100"
        },
        "2019-07-26": {
            "1. open": "13.4700",
            "2. high": "13.4700",
            "3. low": "13.2500",
            "4. close": "13.2700",
            "5. volume": "12055500"
        },
        "2019-07-25": {
            "1. open": "13.3200",
            "2. high": "13.4000",
            "3. low": "13.1600",
            "4. close": "13.2600",
            "5. volume": "14773400"
        },
        "2019-07-24": {
            "1. open": "13.5002",
            "2. high": "13.5200",
            "3. low": "13.3700",
            "4. close": "13.4200",
            "5. volume": "18275500"
        },
        "2019-07-23": {
            "1. open": "13.8800",
            "2. high": "13.8900",
            "3. low": "13.6600",
            "4. close": "13.6900",
            "5. volume": "14990700"
        },
        "2019-07-22": {
            "1. open": "14.0100",
            "2. high": "14.0500",
            "3. low": "13.8000",
            "4. close": "13.9200",
            "5. volume": "12646500"
        },
        "2019-07-19": {
            "1. open": "14.1500",
            "2. high": "14.1900",
            "3. low": "13.9800",
            "4. close": "14.0400",
            "5. volume": "11851100"
        },
        "2019-07-18": {
            "1. open": "13.9500",
            "2. high": "14.0800",
            "3. low": "13.8800",
            "4. close": "14.0100",
            "5. volume": "15911500"
        },
        "2019-07-17": {
            "1. open": "14.0300",
            "2. high": "14.0302",
            "3. low": "13.8900",
            "4. close": "13.9500",
            "5. volume": "13012100"
        },
        "2019-07-16": {
            "1. open": "14.0400",
            "2. high": "14.1800",
            "3. low": "14.0100",
            "4. close": "14.0300",
            "5. volume": "14536800"
        },
        "2019-07-15": {
            "1. open": "13.9900",
            "2. high": "14.0900",
            "3. low": "13.9200",
            "4. close": "14.0000",
            "5. volume": "15898500"
        },
        "2019-07-12": {
            "1. open": "13.9900",
            "2. high": "14.0000",
            "3. low": "13.7800",
            "4. close": "13.8000",
            "5. volume": "15585100"
        },
        "2019-07-11": {
            "1. open": "13.8500",
            "2. high": "13.9700",
            "3. low": "13.7100",
            "4. close": "13.8400",
            "5. volume": "19754800"
        },
        "2019-07-10": {
            "1. open": "13.6400",
            "2. high": "13.9300",
            "3. low": "13.6100",
            "4. close": "13.8100",
            "5. volume": "30888800"
        },
        "2019-07-09": {
            "1. open": "13.0300",
            "2. high": "13.4700",
            "3. low": "13.0300",
            "4. close": "13.3600",
            "5. volume": "14378700"
        },
        "2019-07-08": {
            "1. open": "13.2700",
            "2. high": "13.5206",
            "3. low": "13.2100",
            "4. close": "13.3000",
            "5. volume": "18994600"
        },
        "2019-07-05": {
            "1. open": "13.0900",
            "2. high": "13.1300",
            "3. low": "12.9150",
            "4. close": "13.1200",
            "5. volume": "28408000"
        },
        "2019-07-03": {
            "1. open": "13.3000",
            "2. high": "13.4800",
            "3. low": "13.2272",
            "4. close": "13.3700",
            "5. volume": "16019700"
        },
        "2019-07-02": {
            "1. open": "13.8100",
            "2. high": "13.8800",
            "3. low": "13.0200",
            "4. close": "13.2900",
            "5. volume": "38848700"
        },
        "2019-07-01": {
            "1. open": "13.9600",
            "2. high": "14.0200",
            "3. low": "13.8700",
            "4. close": "13.9300",
            "5. volume": "25215500"
        },
        "2019-06-28": {
            "1. open": "13.5700",
            "2. high": "13.5800",
            "3. low": "13.4050",
            "4. close": "13.4400",
            "5. volume": "13853000"
        },
        "2019-06-27": {
            "1. open": "13.4300",
            "2. high": "13.5200",
            "3. low": "13.2800",
            "4. close": "13.4300",
            "5. volume": "12291500"
        },
        "2019-06-26": {
            "1. open": "13.4500",
            "2. high": "13.5100",
            "3. low": "13.3000",
            "4. close": "13.4400",
            "5. volume": "11992000"
        },
        "2019-06-25": {
            "1. open": "13.5800",
            "2. high": "13.6500",
            "3. low": "13.2750",
            "4. close": "13.3300",
            "5. volume": "15995700"
        },
        "2019-06-24": {
            "1. open": "13.5900",
            "2. high": "13.6891",
            "3. low": "13.5400",
            "4. close": "13.6400",
            "5. volume": "10638600"
        },
        "2019-06-21": {
            "1. open": "13.6200",
            "2. high": "13.7550",
            "3. low": "13.5300",
            "4. close": "13.5300",
            "5. volume": "19521300"
        },
        "2019-06-20": {
            "1. open": "13.8200",
            "2. high": "14.0000",
            "3. low": "13.6500",
            "4. close": "13.7100",
            "5. volume": "14594600"
        },
        "2019-06-19": {
            "1. open": "13.5400",
            "2. high": "13.6000",
            "3. low": "13.3250",
            "4. close": "13.5400",
            "5. volume": "27063500"
        },
        "2019-06-18": {
            "1. open": "13.2400",
            "2. high": "13.5400",
            "3. low": "13.1700",
            "4. close": "13.4600",
            "5. volume": "21125500"
        },
        "2019-06-17": {
            "1. open": "13.1200",
            "2. high": "13.1400",
            "3. low": "12.8300",
            "4. close": "12.8700",
            "5. volume": "13722900"
        },
        "2019-06-14": {
            "1. open": "13.3097",
            "2. high": "13.3300",
            "3. low": "13.0500",
            "4. close": "13.1200",
            "5. volume": "17962200"
        },
        "2019-06-13": {
            "1. open": "13.4900",
            "2. high": "13.5700",
            "3. low": "13.3350",
            "4. close": "13.4300",
            "5. volume": "19151600"
        },
        "2019-06-12": {
            "1. open": "13.3600",
            "2. high": "13.4408",
            "3. low": "13.1500",
            "4. close": "13.2300",
            "5. volume": "22120500"
        },
        "2019-06-11": {
            "1. open": "12.9100",
            "2. high": "13.3111",
            "3. low": "12.8700",
            "4. close": "13.2600",
            "5. volume": "44946800"
        },
        "2019-06-10": {
            "1. open": "12.5800",
            "2. high": "12.6300",
            "3. low": "12.3950",
            "4. close": "12.4200",
            "5. volume": "21973200"
        },
        "2019-06-07": {
            "1. open": "12.4800",
            "2. high": "12.6592",
            "3. low": "12.4400",
            "4. close": "12.5300",
            "5. volume": "16036300"
        }
    }
}